{"cameraMode":{"drawMode":0,"name":"Shaded","section":"Shading Mode"},"sceneLighting":false,"audioPlay":false,"sceneViewState":{"showFog":true,"showMaterialUpdate":false,"showSkybox":false,"showFlares":true,"showImageEffects":true,"showParticleSystems":true},"in2DMode":false,"pivot":{"x":1.7881393432617188e-7,"y":0.925035834312439,"z":0.05089416354894638},"rotation":{"x":0.0035563118290156128,"y":0.9957407712936401,"z":-0.08114207535982132,"w":0.04364240542054176},"size":4.314043998718262,"orthographic":false}