{"cameraMode":{"drawMode":0,"name":"Shaded","section":"Shading Mode"},"sceneLighting":true,"audioPlay":false,"sceneViewState":{"showFog":true,"showMaterialUpdate":false,"showSkybox":true,"showFlares":true,"showImageEffects":true,"showParticleSystems":true},"in2DMode":false,"pivot":{"x":2.1403579711914064,"y":42.25096893310547,"z":-0.2340850830078125},"rotation":{"x":0.000035754230339080095,"y":0.9999369978904724,"z":-0.0033093243837356569,"w":0.010800759308040142},"size":474.823974609375,"orthographic":false}